,cutoff,lr_wavelength,g_max,smearing,alpha,relative_rmse_estimate
86,2.1915078,1.0,6.283185307179586,0.5713032441861359,1.2377083245761606,0.0005468267303329658
130,2.6330159,1.25,5.026548245743669,0.6991957967544026,1.011314405019119,0.0006518235237757903
174,3.074524,1.5,4.1887902047863905,0.8268746490489357,0.8551559562260805,0.0007209302334119972
218,3.5160317,1.75,3.5903916041026207,0.9544273667381031,0.7408701864901356,0.0007657039475646147
262,3.9575396,2.0,3.141592653589793,1.0818967946069722,0.6535806231345965,0.0007940613129687852
306,4.399048,2.25,2.792526803190927,1.209308583996693,0.58471988915319,0.0008112395345668869
350,4.8405557,2.5,2.5132741228718345,1.3366832377549134,0.5290010087761708,0.0008207119770466765
394,5.2820635,2.75,2.284794657156213,1.4640278250310117,0.4829872554994433,0.0008248100454474793
438,5.7235713,3.0,2.0943951023931953,1.5913471436672886,0.4443447704044053,0.0008251255708617545
