structure,level_one_gridspacing_a,level_one_gridspacing_b,level_one_gridspacing_c,p,max_grid_level,d_min,level_zero_cutoff,highest_cutoff,madelung_value
NaCl-primitive,0.98785073,0.9878505425,0.9878504999999999,6,2,2.7940630744309343,5.5881261488618685,22.352504595447474,1.747568090703454
NaCl-primitive,0.98785073,0.9878505425,0.9878504999999999,6,2,2.7940630744309343,6.286641917469602,25.146567669878408,1.747564814210245
NaCl-primitive,0.98785073,0.9878505425,0.9878504999999999,6,2,2.7940630744309343,6.9851576860773354,27.940630744309342,1.7475640029422712
NaCl-primitive,0.98785073,0.9878505425,0.9878504999999999,6,2,2.7940630744309343,7.683673454685069,30.734693818740276,1.7475653833729925
NaCl-primitive,0.98785073,0.9878505425,0.9878504999999999,6,2,2.7940630744309343,8.382189223292803,33.52875689317121,1.7475647300841735
NaCl-primitive,0.98785073,0.9878505425,0.9878504999999999,6,2,2.7940630744309343,9.080704991900536,36.32281996760214,1.7475640130800658
NaCl-primitive,0.98785073,0.9878505425,0.9878504999999999,6,2,2.7940630744309343,9.77922076050827,39.11688304203308,1.74756439494748
NaCl-primitive,0.98785073,0.9878505425,0.9878504999999999,6,2,2.7940630744309343,10.477736529116003,41.91094611646401,1.7475642137679182
NaCl-primitive,0.98785073,0.9878505425,0.9878504999999999,6,2,2.7940630744309343,11.176252297723737,44.70500919089495,1.7475644958596732
